customer_id,name,email,region,join_date
CUST0001,Customer_1,cust1@freshmart.com,East,2023-05-17
CUST0002,Customer_2,cust2@freshmart.com,West,2022-05-25
CUST0003,Customer_3,cust3@freshmart.com,North,2022-07-20
CUST0004,Customer_4,cust4@freshmart.com,East,2023-12-25
CUST0005,Customer_5,cust5@freshmart.com,East,2023-04-06
CUST0006,Customer_6,cust6@freshmart.com,West,2024-01-02
CUST0007,Customer_7,cust7@freshmart.com,North,2024-01-22
CUST0008,Customer_8,cust8@freshmart.com,North,2024-06-27
CUST0009,Customer_9,cust9@freshmart.com,East,2023-07-12
CUST0010,Customer_10,cust10@freshmart.com,South,2023-07-01
CUST0011,Customer_11,cust11@freshmart.com,East,2022-09-10
CUST0012,Customer_12,cust12@freshmart.com,East,2023-01-25
CUST0013,Customer_13,cust13@freshmart.com,East,2023-08-17
CUST0014,Customer_14,cust14@freshmart.com,East,2024-06-01
CUST0015,Customer_15,cust15@freshmart.com,West,2022-09-13
CUST0016,Customer_16,cust16@freshmart.com,North,2023-12-10
CUST0017,Customer_17,cust17@freshmart.com,West,2024-03-25
CUST0018,Customer_18,cust18@freshmart.com,West,2023-03-26
CUST0019,Customer_19,cust19@freshmart.com,West,2022-01-10
CUST0020,Customer_20,cust20@freshmart.com,East,2024-04-03
CUST0021,Customer_21,cust21@freshmart.com,South,2024-03-08
CUST0022,Customer_22,cust22@freshmart.com,North,2022-08-30
CUST0023,Customer_23,cust23@freshmart.com,South,2022-09-08
CUST0024,Customer_24,cust24@freshmart.com,West,2024-05-26
CUST0025,Customer_25,cust25@freshmart.com,West,2022-01-05
CUST0026,Customer_26,cust26@freshmart.com,South,2022-04-29
CUST0027,Customer_27,cust27@freshmart.com,South,2024-03-11
CUST0028,Customer_28,cust28@freshmart.com,South,2023-01-09
CUST0029,Customer_29,cust29@freshmart.com,West,2022-03-06
CUST0030,Customer_30,cust30@freshmart.com,West,2022-05-26
CUST0031,Customer_31,cust31@freshmart.com,North,2022-08-12
CUST0032,Customer_32,cust32@freshmart.com,North,2022-08-27
CUST0033,Customer_33,cust33@freshmart.com,West,2022-06-26
CUST0034,Customer_34,cust34@freshmart.com,South,2024-02-18
CUST0035,Customer_35,cust35@freshmart.com,South,2024-05-02
CUST0036,Customer_36,cust36@freshmart.com,North,2022-10-09
CUST0037,Customer_37,cust37@freshmart.com,West,2022-03-04
CUST0038,Customer_38,cust38@freshmart.com,North,2022-08-05
CUST0039,Customer_39,cust39@freshmart.com,North,2024-05-03
CUST0040,Customer_40,cust40@freshmart.com,East,2024-04-06
CUST0041,Customer_41,cust41@freshmart.com,East,2024-03-05
CUST0042,Customer_42,cust42@freshmart.com,East,2023-11-20
CUST0043,Customer_43,cust43@freshmart.com,South,2023-04-06
CUST0044,Customer_44,cust44@freshmart.com,West,2023-09-02
CUST0045,Customer_45,cust45@freshmart.com,West,2022-04-15
CUST0046,Customer_46,cust46@freshmart.com,West,2022-04-09
CUST0047,Customer_47,cust47@freshmart.com,West,2023-05-26
CUST0048,Customer_48,cust48@freshmart.com,East,2023-01-20
CUST0049,Customer_49,cust49@freshmart.com,South,2023-02-09
CUST0050,Customer_50,cust50@freshmart.com,South,2024-04-02
CUST0051,Customer_51,cust51@freshmart.com,East,2023-06-02
CUST0052,Customer_52,cust52@freshmart.com,South,2023-04-21
CUST0053,Customer_53,cust53@freshmart.com,East,2023-12-10
CUST0054,Customer_54,cust54@freshmart.com,West,2024-05-12
CUST0055,Customer_55,cust55@freshmart.com,East,2023-10-07
CUST0056,Customer_56,cust56@freshmart.com,West,2024-05-19
CUST0057,Customer_57,cust57@freshmart.com,West,2024-02-10
CUST0058,Customer_58,cust58@freshmart.com,North,2023-03-13
CUST0059,Customer_59,cust59@freshmart.com,East,2022-01-23
CUST0060,Customer_60,cust60@freshmart.com,North,2023-07-19
CUST0061,Customer_61,cust61@freshmart.com,East,2023-11-08
CUST0062,Customer_62,cust62@freshmart.com,East,2023-12-15
CUST0063,Customer_63,cust63@freshmart.com,North,2023-04-03
CUST0064,Customer_64,cust64@freshmart.com,North,2022-03-24
CUST0065,Customer_65,cust65@freshmart.com,East,2022-05-25
CUST0066,Customer_66,cust66@freshmart.com,South,2022-03-26
CUST0067,Customer_67,cust67@freshmart.com,West,2022-03-19
CUST0068,Customer_68,cust68@freshmart.com,North,2023-04-02
CUST0069,Customer_69,cust69@freshmart.com,West,2024-05-27
CUST0070,Customer_70,cust70@freshmart.com,South,2022-01-01
CUST0071,Customer_71,cust71@freshmart.com,South,2022-02-20
CUST0072,Customer_72,cust72@freshmart.com,South,2023-11-16
CUST0073,Customer_73,cust73@freshmart.com,North,2023-12-18
CUST0074,Customer_74,cust74@freshmart.com,South,2024-02-11
CUST0075,Customer_75,cust75@freshmart.com,North,2023-03-22
CUST0076,Customer_76,cust76@freshmart.com,South,2023-03-25
CUST0077,Customer_77,cust77@freshmart.com,West,2024-05-30
CUST0078,Customer_78,cust78@freshmart.com,West,2023-05-03
CUST0079,Customer_79,cust79@freshmart.com,East,2024-03-10
CUST0080,Customer_80,cust80@freshmart.com,West,2022-02-03
CUST0081,Customer_81,cust81@freshmart.com,East,2022-12-14
CUST0082,Customer_82,cust82@freshmart.com,West,2022-04-05
CUST0083,Customer_83,cust83@freshmart.com,North,2022-03-13
CUST0084,Customer_84,cust84@freshmart.com,West,2023-07-05
CUST0085,Customer_85,cust85@freshmart.com,East,2022-06-03
CUST0086,Customer_86,cust86@freshmart.com,East,2022-09-07
CUST0087,Customer_87,cust87@freshmart.com,South,2023-11-05
CUST0088,Customer_88,cust88@freshmart.com,North,2023-03-14
CUST0089,Customer_89,cust89@freshmart.com,West,2022-04-28
CUST0090,Customer_90,cust90@freshmart.com,South,2024-02-10
CUST0091,Customer_91,cust91@freshmart.com,West,2024-06-09
CUST0092,Customer_92,cust92@freshmart.com,West,2022-11-02
CUST0093,Customer_93,cust93@freshmart.com,South,2022-09-25
CUST0094,Customer_94,cust94@freshmart.com,South,2022-02-23
CUST0095,Customer_95,cust95@freshmart.com,South,2022-08-24
CUST0096,Customer_96,cust96@freshmart.com,South,2023-01-24
CUST0097,Customer_97,cust97@freshmart.com,South,2024-01-04
CUST0098,Customer_98,cust98@freshmart.com,West,2024-02-02
CUST0099,Customer_99,cust99@freshmart.com,South,2024-04-04
CUST0100,Customer_100,cust100@freshmart.com,North,2023-02-05
CUST0101,Customer_101,cust101@freshmart.com,East,2023-09-16
CUST0102,Customer_102,cust102@freshmart.com,South,2024-02-06
CUST0103,Customer_103,cust103@freshmart.com,South,2022-10-30
CUST0104,Customer_104,cust104@freshmart.com,West,2022-07-26
CUST0105,Customer_105,cust105@freshmart.com,South,2022-08-17
CUST0106,Customer_106,cust106@freshmart.com,South,2024-05-02
CUST0107,Customer_107,cust107@freshmart.com,South,2024-06-28
CUST0108,Customer_108,cust108@freshmart.com,West,2023-08-01
CUST0109,Customer_109,cust109@freshmart.com,South,2022-03-16
CUST0110,Customer_110,cust110@freshmart.com,East,2023-03-11
CUST0111,Customer_111,cust111@freshmart.com,West,2022-04-13
CUST0112,Customer_112,cust112@freshmart.com,East,2023-02-26
CUST0113,Customer_113,cust113@freshmart.com,West,2023-12-05
CUST0114,Customer_114,cust114@freshmart.com,South,2024-02-03
CUST0115,Customer_115,cust115@freshmart.com,East,2024-01-08
CUST0116,Customer_116,cust116@freshmart.com,West,2024-03-16
CUST0117,Customer_117,cust117@freshmart.com,North,2022-11-02
CUST0118,Customer_118,cust118@freshmart.com,South,2022-04-08
CUST0119,Customer_119,cust119@freshmart.com,West,2024-04-29
CUST0120,Customer_120,cust120@freshmart.com,North,2024-03-08
CUST0121,Customer_121,cust121@freshmart.com,West,2022-12-01
CUST0122,Customer_122,cust122@freshmart.com,North,2024-05-08
CUST0123,Customer_123,cust123@freshmart.com,South,2023-03-11
CUST0124,Customer_124,cust124@freshmart.com,East,2023-03-23
CUST0125,Customer_125,cust125@freshmart.com,North,2022-11-04
CUST0126,Customer_126,cust126@freshmart.com,West,2022-09-06
CUST0127,Customer_127,cust127@freshmart.com,South,2022-06-15
CUST0128,Customer_128,cust128@freshmart.com,North,2023-04-26
CUST0129,Customer_129,cust129@freshmart.com,West,2022-12-01
CUST0130,Customer_130,cust130@freshmart.com,West,2023-06-26
CUST0131,Customer_131,cust131@freshmart.com,West,2024-01-29
CUST0132,Customer_132,cust132@freshmart.com,North,2022-04-16
CUST0133,Customer_133,cust133@freshmart.com,North,2023-07-17
CUST0134,Customer_134,cust134@freshmart.com,North,2022-03-22
CUST0135,Customer_135,cust135@freshmart.com,East,2022-05-13
CUST0136,Customer_136,cust136@freshmart.com,North,2024-03-07
CUST0137,Customer_137,cust137@freshmart.com,North,2024-06-18
CUST0138,Customer_138,cust138@freshmart.com,North,2022-05-18
CUST0139,Customer_139,cust139@freshmart.com,East,2022-07-03
CUST0140,Customer_140,cust140@freshmart.com,North,2023-02-05
CUST0141,Customer_141,cust141@freshmart.com,West,2022-11-26
CUST0142,Customer_142,cust142@freshmart.com,North,2024-02-24
CUST0143,Customer_143,cust143@freshmart.com,West,2023-05-23
CUST0144,Customer_144,cust144@freshmart.com,West,2024-05-01
CUST0145,Customer_145,cust145@freshmart.com,West,2022-03-10
CUST0146,Customer_146,cust146@freshmart.com,East,2023-06-30
CUST0147,Customer_147,cust147@freshmart.com,East,2024-02-13
CUST0148,Customer_148,cust148@freshmart.com,East,2022-02-22
CUST0149,Customer_149,cust149@freshmart.com,North,2023-03-26
CUST0150,Customer_150,cust150@freshmart.com,West,2022-07-24
CUST0151,Customer_151,cust151@freshmart.com,East,2022-05-06
CUST0152,Customer_152,cust152@freshmart.com,East,2024-01-17
CUST0153,Customer_153,cust153@freshmart.com,North,2022-02-12
CUST0154,Customer_154,cust154@freshmart.com,East,2024-01-22
CUST0155,Customer_155,cust155@freshmart.com,North,2024-06-01
CUST0156,Customer_156,cust156@freshmart.com,South,2022-04-21
CUST0157,Customer_157,cust157@freshmart.com,East,2024-01-31
CUST0158,Customer_158,cust158@freshmart.com,South,2023-10-25
CUST0159,Customer_159,cust159@freshmart.com,North,2022-07-02
CUST0160,Customer_160,cust160@freshmart.com,West,2024-04-27
CUST0161,Customer_161,cust161@freshmart.com,East,2022-04-05
CUST0162,Customer_162,cust162@freshmart.com,North,2023-01-09
CUST0163,Customer_163,cust163@freshmart.com,West,2024-06-30
CUST0164,Customer_164,cust164@freshmart.com,West,2023-06-04
CUST0165,Customer_165,cust165@freshmart.com,South,2024-06-18
CUST0166,Customer_166,cust166@freshmart.com,North,2022-12-26
CUST0167,Customer_167,cust167@freshmart.com,West,2024-06-18
CUST0168,Customer_168,cust168@freshmart.com,East,2023-11-27
CUST0169,Customer_169,cust169@freshmart.com,East,2022-10-08
CUST0170,Customer_170,cust170@freshmart.com,South,2022-07-14
CUST0171,Customer_171,cust171@freshmart.com,West,2024-05-13
CUST0172,Customer_172,cust172@freshmart.com,North,2022-07-14
CUST0173,Customer_173,cust173@freshmart.com,East,2023-10-29
CUST0174,Customer_174,cust174@freshmart.com,West,2022-04-03
CUST0175,Customer_175,cust175@freshmart.com,West,2023-11-03
CUST0176,Customer_176,cust176@freshmart.com,South,2022-03-02
CUST0177,Customer_177,cust177@freshmart.com,East,2023-09-26
CUST0178,Customer_178,cust178@freshmart.com,East,2022-02-20
CUST0179,Customer_179,cust179@freshmart.com,North,2023-02-07
CUST0180,Customer_180,cust180@freshmart.com,East,2024-02-28
CUST0181,Customer_181,cust181@freshmart.com,North,2022-01-05
CUST0182,Customer_182,cust182@freshmart.com,East,2023-04-11
CUST0183,Customer_183,cust183@freshmart.com,South,2023-08-27
CUST0184,Customer_184,cust184@freshmart.com,East,2023-11-13
CUST0185,Customer_185,cust185@freshmart.com,North,2024-04-08
CUST0186,Customer_186,cust186@freshmart.com,North,2023-06-18
CUST0187,Customer_187,cust187@freshmart.com,South,2023-02-09
CUST0188,Customer_188,cust188@freshmart.com,East,2024-04-17
CUST0189,Customer_189,cust189@freshmart.com,East,2023-05-28
CUST0190,Customer_190,cust190@freshmart.com,South,2023-10-07
CUST0191,Customer_191,cust191@freshmart.com,East,2022-08-21
CUST0192,Customer_192,cust192@freshmart.com,East,2023-06-08
CUST0193,Customer_193,cust193@freshmart.com,North,2022-12-12
CUST0194,Customer_194,cust194@freshmart.com,East,2022-02-15
CUST0195,Customer_195,cust195@freshmart.com,East,2023-06-30
CUST0196,Customer_196,cust196@freshmart.com,South,2022-03-19
CUST0197,Customer_197,cust197@freshmart.com,South,2023-12-31
CUST0198,Customer_198,cust198@freshmart.com,West,2024-03-23
CUST0199,Customer_199,cust199@freshmart.com,North,2022-03-14
CUST0200,Customer_200,cust200@freshmart.com,East,2024-03-04
CUST0201,Customer_201,cust201@freshmart.com,East,2022-09-06
CUST0202,Customer_202,cust202@freshmart.com,West,2022-02-16
CUST0203,Customer_203,cust203@freshmart.com,East,2022-05-01
CUST0204,Customer_204,cust204@freshmart.com,North,2022-08-02
CUST0205,Customer_205,cust205@freshmart.com,West,2022-08-27
CUST0206,Customer_206,cust206@freshmart.com,North,2022-02-25
CUST0207,Customer_207,cust207@freshmart.com,West,2022-12-16
CUST0208,Customer_208,cust208@freshmart.com,West,2022-04-17
CUST0209,Customer_209,cust209@freshmart.com,South,2024-04-10
CUST0210,Customer_210,cust210@freshmart.com,North,2022-02-17
CUST0211,Customer_211,cust211@freshmart.com,East,2023-07-27
CUST0212,Customer_212,cust212@freshmart.com,East,2022-12-03
CUST0213,Customer_213,cust213@freshmart.com,North,2022-01-26
CUST0214,Customer_214,cust214@freshmart.com,East,2024-03-14
CUST0215,Customer_215,cust215@freshmart.com,East,2022-09-14
CUST0216,Customer_216,cust216@freshmart.com,North,2022-01-08
CUST0217,Customer_217,cust217@freshmart.com,West,2023-09-17
CUST0218,Customer_218,cust218@freshmart.com,North,2024-05-16
CUST0219,Customer_219,cust219@freshmart.com,West,2022-09-10
CUST0220,Customer_220,cust220@freshmart.com,East,2023-11-23
CUST0221,Customer_221,cust221@freshmart.com,East,2023-12-20
CUST0222,Customer_222,cust222@freshmart.com,East,2022-10-30
CUST0223,Customer_223,cust223@freshmart.com,South,2023-10-01
CUST0224,Customer_224,cust224@freshmart.com,West,2022-02-25
CUST0225,Customer_225,cust225@freshmart.com,South,2023-12-27
CUST0226,Customer_226,cust226@freshmart.com,South,2023-06-10
CUST0227,Customer_227,cust227@freshmart.com,North,2023-04-19
CUST0228,Customer_228,cust228@freshmart.com,South,2022-01-28
CUST0229,Customer_229,cust229@freshmart.com,North,2022-03-19
CUST0230,Customer_230,cust230@freshmart.com,North,2022-08-04
CUST0231,Customer_231,cust231@freshmart.com,South,2023-01-21
CUST0232,Customer_232,cust232@freshmart.com,West,2022-12-31
CUST0233,Customer_233,cust233@freshmart.com,West,2023-10-28
CUST0234,Customer_234,cust234@freshmart.com,West,2023-06-10
CUST0235,Customer_235,cust235@freshmart.com,West,2023-11-30
CUST0236,Customer_236,cust236@freshmart.com,West,2022-11-08
CUST0237,Customer_237,cust237@freshmart.com,South,2024-06-01
CUST0238,Customer_238,cust238@freshmart.com,South,2022-01-07
CUST0239,Customer_239,cust239@freshmart.com,East,2022-01-03
CUST0240,Customer_240,cust240@freshmart.com,West,2023-09-15
CUST0241,Customer_241,cust241@freshmart.com,South,2024-01-20
CUST0242,Customer_242,cust242@freshmart.com,East,2022-12-29
CUST0243,Customer_243,cust243@freshmart.com,West,2024-01-21
CUST0244,Customer_244,cust244@freshmart.com,North,2023-05-23
CUST0245,Customer_245,cust245@freshmart.com,East,2022-10-01
CUST0246,Customer_246,cust246@freshmart.com,South,2023-05-21
CUST0247,Customer_247,cust247@freshmart.com,North,2024-03-16
CUST0248,Customer_248,cust248@freshmart.com,North,2024-01-09
CUST0249,Customer_249,cust249@freshmart.com,North,2024-06-01
CUST0250,Customer_250,cust250@freshmart.com,East,2022-01-15
CUST0251,Customer_251,cust251@freshmart.com,South,2022-07-11
CUST0252,Customer_252,cust252@freshmart.com,North,2023-09-23
CUST0253,Customer_253,cust253@freshmart.com,West,2023-04-30
CUST0254,Customer_254,cust254@freshmart.com,North,2022-01-28
CUST0255,Customer_255,cust255@freshmart.com,North,2023-12-15
CUST0256,Customer_256,cust256@freshmart.com,East,2022-02-08
CUST0257,Customer_257,cust257@freshmart.com,East,2022-09-30
CUST0258,Customer_258,cust258@freshmart.com,South,2022-08-19
CUST0259,Customer_259,cust259@freshmart.com,West,2022-03-27
CUST0260,Customer_260,cust260@freshmart.com,East,2023-04-19
CUST0261,Customer_261,cust261@freshmart.com,North,2022-05-06
CUST0262,Customer_262,cust262@freshmart.com,South,2024-03-22
CUST0263,Customer_263,cust263@freshmart.com,North,2023-06-21
CUST0264,Customer_264,cust264@freshmart.com,North,2022-05-25
CUST0265,Customer_265,cust265@freshmart.com,East,2023-06-09
CUST0266,Customer_266,cust266@freshmart.com,South,2022-07-31
CUST0267,Customer_267,cust267@freshmart.com,West,2022-01-25
CUST0268,Customer_268,cust268@freshmart.com,West,2023-08-03
CUST0269,Customer_269,cust269@freshmart.com,East,2023-01-29
CUST0270,Customer_270,cust270@freshmart.com,East,2022-03-08
CUST0271,Customer_271,cust271@freshmart.com,South,2022-08-21
CUST0272,Customer_272,cust272@freshmart.com,West,2022-04-19
CUST0273,Customer_273,cust273@freshmart.com,West,2022-05-26
CUST0274,Customer_274,cust274@freshmart.com,West,2022-04-21
CUST0275,Customer_275,cust275@freshmart.com,North,2022-08-16
CUST0276,Customer_276,cust276@freshmart.com,West,2022-04-21
CUST0277,Customer_277,cust277@freshmart.com,North,2023-04-15
CUST0278,Customer_278,cust278@freshmart.com,South,2022-02-03
CUST0279,Customer_279,cust279@freshmart.com,North,2023-09-15
CUST0280,Customer_280,cust280@freshmart.com,South,2024-02-15
CUST0281,Customer_281,cust281@freshmart.com,West,2023-01-04
CUST0282,Customer_282,cust282@freshmart.com,West,2024-01-18
CUST0283,Customer_283,cust283@freshmart.com,South,2023-08-18
CUST0284,Customer_284,cust284@freshmart.com,East,2023-07-08
CUST0285,Customer_285,cust285@freshmart.com,South,2023-03-01
CUST0286,Customer_286,cust286@freshmart.com,East,2023-09-05
CUST0287,Customer_287,cust287@freshmart.com,North,2023-06-02
CUST0288,Customer_288,cust288@freshmart.com,North,2023-11-23
CUST0289,Customer_289,cust289@freshmart.com,North,2022-10-09
CUST0290,Customer_290,cust290@freshmart.com,West,2022-11-16
CUST0291,Customer_291,cust291@freshmart.com,North,2024-01-08
CUST0292,Customer_292,cust292@freshmart.com,East,2023-03-19
CUST0293,Customer_293,cust293@freshmart.com,North,2022-11-11
CUST0294,Customer_294,cust294@freshmart.com,South,2024-05-26
CUST0295,Customer_295,cust295@freshmart.com,South,2024-01-11
CUST0296,Customer_296,cust296@freshmart.com,West,2023-01-12
CUST0297,Customer_297,cust297@freshmart.com,South,2022-10-16
CUST0298,Customer_298,cust298@freshmart.com,East,2023-03-13
CUST0299,Customer_299,cust299@freshmart.com,North,2023-10-24
CUST0300,Customer_300,cust300@freshmart.com,West,2022-10-04
CUST0301,Customer_301,cust301@freshmart.com,North,2023-12-11
CUST0302,Customer_302,cust302@freshmart.com,North,2023-08-05
CUST0303,Customer_303,cust303@freshmart.com,East,2023-05-18
CUST0304,Customer_304,cust304@freshmart.com,South,2023-09-16
CUST0305,Customer_305,cust305@freshmart.com,South,2023-05-31
CUST0306,Customer_306,cust306@freshmart.com,North,2022-12-16
CUST0307,Customer_307,cust307@freshmart.com,West,2024-04-22
CUST0308,Customer_308,cust308@freshmart.com,South,2023-03-22
CUST0309,Customer_309,cust309@freshmart.com,West,2024-04-09
CUST0310,Customer_310,cust310@freshmart.com,South,2022-12-16
CUST0311,Customer_311,cust311@freshmart.com,West,2023-08-30
CUST0312,Customer_312,cust312@freshmart.com,East,2023-10-26
CUST0313,Customer_313,cust313@freshmart.com,West,2024-04-02
CUST0314,Customer_314,cust314@freshmart.com,East,2022-05-17
CUST0315,Customer_315,cust315@freshmart.com,East,2024-01-29
CUST0316,Customer_316,cust316@freshmart.com,West,2024-06-17
CUST0317,Customer_317,cust317@freshmart.com,East,2022-08-31
CUST0318,Customer_318,cust318@freshmart.com,North,2023-06-27
CUST0319,Customer_319,cust319@freshmart.com,East,2022-02-09
CUST0320,Customer_320,cust320@freshmart.com,South,2022-08-17
CUST0321,Customer_321,cust321@freshmart.com,West,2023-07-02
CUST0322,Customer_322,cust322@freshmart.com,North,2022-08-11
CUST0323,Customer_323,cust323@freshmart.com,West,2022-01-06
CUST0324,Customer_324,cust324@freshmart.com,South,2022-11-18
CUST0325,Customer_325,cust325@freshmart.com,South,2023-04-13
CUST0326,Customer_326,cust326@freshmart.com,South,2024-01-02
CUST0327,Customer_327,cust327@freshmart.com,East,2022-03-16
CUST0328,Customer_328,cust328@freshmart.com,East,2022-01-04
CUST0329,Customer_329,cust329@freshmart.com,West,2024-04-26
CUST0330,Customer_330,cust330@freshmart.com,West,2023-10-08
CUST0331,Customer_331,cust331@freshmart.com,North,2022-04-28
CUST0332,Customer_332,cust332@freshmart.com,North,2024-05-30
CUST0333,Customer_333,cust333@freshmart.com,West,2023-08-29
CUST0334,Customer_334,cust334@freshmart.com,East,2023-05-19
CUST0335,Customer_335,cust335@freshmart.com,South,2023-07-28
CUST0336,Customer_336,cust336@freshmart.com,West,2023-03-17
CUST0337,Customer_337,cust337@freshmart.com,North,2022-07-13
CUST0338,Customer_338,cust338@freshmart.com,East,2024-04-26
CUST0339,Customer_339,cust339@freshmart.com,West,2023-12-16
CUST0340,Customer_340,cust340@freshmart.com,West,2023-01-27
CUST0341,Customer_341,cust341@freshmart.com,East,2022-01-26
CUST0342,Customer_342,cust342@freshmart.com,West,2023-03-11
CUST0343,Customer_343,cust343@freshmart.com,East,2022-06-22
CUST0344,Customer_344,cust344@freshmart.com,South,2022-10-27
CUST0345,Customer_345,cust345@freshmart.com,East,2023-10-07
CUST0346,Customer_346,cust346@freshmart.com,East,2022-11-22
CUST0347,Customer_347,cust347@freshmart.com,East,2023-02-14
CUST0348,Customer_348,cust348@freshmart.com,West,2022-04-28
CUST0349,Customer_349,cust349@freshmart.com,West,2024-04-15
CUST0350,Customer_350,cust350@freshmart.com,East,2024-02-26
CUST0351,Customer_351,cust351@freshmart.com,West,2023-12-25
CUST0352,Customer_352,cust352@freshmart.com,North,2022-08-13
CUST0353,Customer_353,cust353@freshmart.com,North,2023-06-16
CUST0354,Customer_354,cust354@freshmart.com,West,2022-04-23
CUST0355,Customer_355,cust355@freshmart.com,West,2022-05-20
CUST0356,Customer_356,cust356@freshmart.com,East,2023-07-13
CUST0357,Customer_357,cust357@freshmart.com,South,2022-01-01
CUST0358,Customer_358,cust358@freshmart.com,West,2022-03-31
CUST0359,Customer_359,cust359@freshmart.com,North,2023-10-16
CUST0360,Customer_360,cust360@freshmart.com,East,2022-11-16
CUST0361,Customer_361,cust361@freshmart.com,West,2023-07-04
CUST0362,Customer_362,cust362@freshmart.com,North,2024-03-15
CUST0363,Customer_363,cust363@freshmart.com,North,2024-06-12
CUST0364,Customer_364,cust364@freshmart.com,South,2022-05-19
CUST0365,Customer_365,cust365@freshmart.com,East,2023-05-26
CUST0366,Customer_366,cust366@freshmart.com,East,2024-05-17
CUST0367,Customer_367,cust367@freshmart.com,South,2024-04-24
CUST0368,Customer_368,cust368@freshmart.com,South,2022-09-16
CUST0369,Customer_369,cust369@freshmart.com,East,2023-11-04
CUST0370,Customer_370,cust370@freshmart.com,East,2024-06-20
CUST0371,Customer_371,cust371@freshmart.com,West,2023-11-21
CUST0372,Customer_372,cust372@freshmart.com,West,2022-01-10
CUST0373,Customer_373,cust373@freshmart.com,South,2022-09-18
CUST0374,Customer_374,cust374@freshmart.com,West,2023-10-12
CUST0375,Customer_375,cust375@freshmart.com,North,2022-06-21
CUST0376,Customer_376,cust376@freshmart.com,West,2024-06-16
CUST0377,Customer_377,cust377@freshmart.com,West,2022-01-13
CUST0378,Customer_378,cust378@freshmart.com,North,2022-06-17
CUST0379,Customer_379,cust379@freshmart.com,South,2023-10-04
CUST0380,Customer_380,cust380@freshmart.com,North,2023-08-19
CUST0381,Customer_381,cust381@freshmart.com,West,2022-11-17
CUST0382,Customer_382,cust382@freshmart.com,South,2022-11-15
CUST0383,Customer_383,cust383@freshmart.com,West,2023-09-05
CUST0384,Customer_384,cust384@freshmart.com,North,2022-11-25
CUST0385,Customer_385,cust385@freshmart.com,North,2024-02-24
CUST0386,Customer_386,cust386@freshmart.com,West,2024-02-16
CUST0387,Customer_387,cust387@freshmart.com,East,2024-06-29
CUST0388,Customer_388,cust388@freshmart.com,East,2023-07-04
CUST0389,Customer_389,cust389@freshmart.com,North,2023-02-23
CUST0390,Customer_390,cust390@freshmart.com,North,2023-08-29
CUST0391,Customer_391,cust391@freshmart.com,East,2022-04-05
CUST0392,Customer_392,cust392@freshmart.com,East,2024-03-27
CUST0393,Customer_393,cust393@freshmart.com,West,2023-08-04
CUST0394,Customer_394,cust394@freshmart.com,West,2022-11-14
CUST0395,Customer_395,cust395@freshmart.com,East,2022-08-24
CUST0396,Customer_396,cust396@freshmart.com,West,2022-11-30
CUST0397,Customer_397,cust397@freshmart.com,West,2024-06-03
CUST0398,Customer_398,cust398@freshmart.com,South,2023-01-11
CUST0399,Customer_399,cust399@freshmart.com,West,2023-04-04
CUST0400,Customer_400,cust400@freshmart.com,North,2022-05-17
CUST0401,Customer_401,cust401@freshmart.com,West,2023-08-11
CUST0402,Customer_402,cust402@freshmart.com,West,2023-07-01
CUST0403,Customer_403,cust403@freshmart.com,East,2023-05-28
CUST0404,Customer_404,cust404@freshmart.com,North,2022-10-23
CUST0405,Customer_405,cust405@freshmart.com,West,2022-11-16
CUST0406,Customer_406,cust406@freshmart.com,West,2023-07-26
CUST0407,Customer_407,cust407@freshmart.com,South,2024-04-11
CUST0408,Customer_408,cust408@freshmart.com,West,2022-12-15
CUST0409,Customer_409,cust409@freshmart.com,West,2024-04-19
CUST0410,Customer_410,cust410@freshmart.com,South,2024-02-18
CUST0411,Customer_411,cust411@freshmart.com,East,2024-05-22
CUST0412,Customer_412,cust412@freshmart.com,West,2022-08-17
CUST0413,Customer_413,cust413@freshmart.com,South,2022-09-27
CUST0414,Customer_414,cust414@freshmart.com,North,2024-04-07
CUST0415,Customer_415,cust415@freshmart.com,East,2024-03-08
CUST0416,Customer_416,cust416@freshmart.com,North,2022-10-18
CUST0417,Customer_417,cust417@freshmart.com,North,2023-12-26
CUST0418,Customer_418,cust418@freshmart.com,South,2022-06-14
CUST0419,Customer_419,cust419@freshmart.com,West,2022-01-05
CUST0420,Customer_420,cust420@freshmart.com,South,2024-04-30
CUST0421,Customer_421,cust421@freshmart.com,South,2023-01-14
CUST0422,Customer_422,cust422@freshmart.com,South,2022-03-19
CUST0423,Customer_423,cust423@freshmart.com,South,2023-02-14
CUST0424,Customer_424,cust424@freshmart.com,East,2023-07-28
CUST0425,Customer_425,cust425@freshmart.com,West,2022-05-12
CUST0426,Customer_426,cust426@freshmart.com,North,2023-08-24
CUST0427,Customer_427,cust427@freshmart.com,North,2024-01-19
CUST0428,Customer_428,cust428@freshmart.com,West,2022-02-11
CUST0429,Customer_429,cust429@freshmart.com,North,2022-03-30
CUST0430,Customer_430,cust430@freshmart.com,West,2023-02-06
CUST0431,Customer_431,cust431@freshmart.com,North,2022-10-23
CUST0432,Customer_432,cust432@freshmart.com,South,2024-04-19
CUST0433,Customer_433,cust433@freshmart.com,North,2022-10-22
CUST0434,Customer_434,cust434@freshmart.com,West,2023-09-08
CUST0435,Customer_435,cust435@freshmart.com,West,2023-06-10
CUST0436,Customer_436,cust436@freshmart.com,West,2024-03-10
CUST0437,Customer_437,cust437@freshmart.com,West,2023-11-22
CUST0438,Customer_438,cust438@freshmart.com,West,2023-09-29
CUST0439,Customer_439,cust439@freshmart.com,East,2023-02-26
CUST0440,Customer_440,cust440@freshmart.com,East,2024-05-14
CUST0441,Customer_441,cust441@freshmart.com,North,2022-01-23
CUST0442,Customer_442,cust442@freshmart.com,West,2023-07-29
CUST0443,Customer_443,cust443@freshmart.com,North,2022-05-23
CUST0444,Customer_444,cust444@freshmart.com,West,2023-10-27
CUST0445,Customer_445,cust445@freshmart.com,West,2022-05-25
CUST0446,Customer_446,cust446@freshmart.com,East,2022-08-13
CUST0447,Customer_447,cust447@freshmart.com,East,2023-05-18
CUST0448,Customer_448,cust448@freshmart.com,South,2024-03-31
CUST0449,Customer_449,cust449@freshmart.com,East,2023-09-08
CUST0450,Customer_450,cust450@freshmart.com,South,2022-04-14
CUST0451,Customer_451,cust451@freshmart.com,South,2022-02-08
CUST0452,Customer_452,cust452@freshmart.com,South,2022-07-17
CUST0453,Customer_453,cust453@freshmart.com,South,2023-10-08
CUST0454,Customer_454,cust454@freshmart.com,South,2023-08-02
CUST0455,Customer_455,cust455@freshmart.com,North,2023-01-26
CUST0456,Customer_456,cust456@freshmart.com,East,2022-06-28
CUST0457,Customer_457,cust457@freshmart.com,South,2023-07-08
CUST0458,Customer_458,cust458@freshmart.com,West,2023-03-24
CUST0459,Customer_459,cust459@freshmart.com,East,2023-05-15
CUST0460,Customer_460,cust460@freshmart.com,East,2022-01-15
CUST0461,Customer_461,cust461@freshmart.com,South,2023-09-15
CUST0462,Customer_462,cust462@freshmart.com,North,2023-10-31
CUST0463,Customer_463,cust463@freshmart.com,South,2022-10-16
CUST0464,Customer_464,cust464@freshmart.com,North,2023-04-23
CUST0465,Customer_465,cust465@freshmart.com,West,2022-08-19
CUST0466,Customer_466,cust466@freshmart.com,East,2023-02-24
CUST0467,Customer_467,cust467@freshmart.com,West,2022-06-06
CUST0468,Customer_468,cust468@freshmart.com,North,2023-07-04
CUST0469,Customer_469,cust469@freshmart.com,North,2023-03-17
CUST0470,Customer_470,cust470@freshmart.com,West,2022-04-07
CUST0471,Customer_471,cust471@freshmart.com,North,2023-02-15
CUST0472,Customer_472,cust472@freshmart.com,West,2022-10-16
CUST0473,Customer_473,cust473@freshmart.com,East,2022-09-11
CUST0474,Customer_474,cust474@freshmart.com,West,2022-07-15
CUST0475,Customer_475,cust475@freshmart.com,East,2023-08-21
CUST0476,Customer_476,cust476@freshmart.com,West,2024-04-13
CUST0477,Customer_477,cust477@freshmart.com,North,2023-06-06
CUST0478,Customer_478,cust478@freshmart.com,West,2023-06-01
CUST0479,Customer_479,cust479@freshmart.com,North,2023-09-27
CUST0480,Customer_480,cust480@freshmart.com,West,2024-04-21
CUST0481,Customer_481,cust481@freshmart.com,West,2024-05-14
CUST0482,Customer_482,cust482@freshmart.com,South,2022-04-28
CUST0483,Customer_483,cust483@freshmart.com,North,2024-03-16
CUST0484,Customer_484,cust484@freshmart.com,South,2024-06-27
CUST0485,Customer_485,cust485@freshmart.com,North,2022-06-08
CUST0486,Customer_486,cust486@freshmart.com,South,2024-03-25
CUST0487,Customer_487,cust487@freshmart.com,East,2022-08-16
CUST0488,Customer_488,cust488@freshmart.com,West,2024-05-26
CUST0489,Customer_489,cust489@freshmart.com,North,2022-08-04
CUST0490,Customer_490,cust490@freshmart.com,North,2023-11-27
CUST0491,Customer_491,cust491@freshmart.com,West,2022-01-15
CUST0492,Customer_492,cust492@freshmart.com,North,2022-06-06
CUST0493,Customer_493,cust493@freshmart.com,North,2023-10-10
CUST0494,Customer_494,cust494@freshmart.com,South,2022-09-18
CUST0495,Customer_495,cust495@freshmart.com,North,2022-06-06
CUST0496,Customer_496,cust496@freshmart.com,East,2022-02-16
CUST0497,Customer_497,cust497@freshmart.com,East,2022-11-20
CUST0498,Customer_498,cust498@freshmart.com,West,2024-04-23
CUST0499,Customer_499,cust499@freshmart.com,North,2023-11-16
CUST0500,Customer_500,cust500@freshmart.com,West,2022-05-10
CUST0501,Customer_501,cust501@freshmart.com,East,2023-02-15
CUST0502,Customer_502,cust502@freshmart.com,North,2022-04-05
CUST0503,Customer_503,cust503@freshmart.com,North,2023-09-19
CUST0504,Customer_504,cust504@freshmart.com,West,2024-01-25
CUST0505,Customer_505,cust505@freshmart.com,East,2022-10-19
CUST0506,Customer_506,cust506@freshmart.com,North,2024-03-04
CUST0507,Customer_507,cust507@freshmart.com,West,2024-03-21
CUST0508,Customer_508,cust508@freshmart.com,East,2022-10-10
CUST0509,Customer_509,cust509@freshmart.com,West,2022-03-10
CUST0510,Customer_510,cust510@freshmart.com,South,2023-10-22
CUST0511,Customer_511,cust511@freshmart.com,North,2022-01-11
CUST0512,Customer_512,cust512@freshmart.com,South,2022-09-11
CUST0513,Customer_513,cust513@freshmart.com,East,2024-04-21
CUST0514,Customer_514,cust514@freshmart.com,South,2024-05-21
CUST0515,Customer_515,cust515@freshmart.com,South,2023-07-04
CUST0516,Customer_516,cust516@freshmart.com,East,2022-05-14
CUST0517,Customer_517,cust517@freshmart.com,West,2023-12-13
CUST0518,Customer_518,cust518@freshmart.com,South,2022-01-23
CUST0519,Customer_519,cust519@freshmart.com,West,2024-03-25
CUST0520,Customer_520,cust520@freshmart.com,South,2022-12-12
CUST0521,Customer_521,cust521@freshmart.com,West,2022-10-29
CUST0522,Customer_522,cust522@freshmart.com,East,2022-12-29
CUST0523,Customer_523,cust523@freshmart.com,South,2023-01-31
CUST0524,Customer_524,cust524@freshmart.com,East,2022-08-06
CUST0525,Customer_525,cust525@freshmart.com,South,2022-05-21
CUST0526,Customer_526,cust526@freshmart.com,East,2023-09-08
CUST0527,Customer_527,cust527@freshmart.com,East,2022-07-29
CUST0528,Customer_528,cust528@freshmart.com,South,2023-09-15
CUST0529,Customer_529,cust529@freshmart.com,South,2023-09-08
CUST0530,Customer_530,cust530@freshmart.com,South,2024-04-07
CUST0531,Customer_531,cust531@freshmart.com,North,2023-11-14
CUST0532,Customer_532,cust532@freshmart.com,West,2023-04-05
CUST0533,Customer_533,cust533@freshmart.com,North,2022-12-22
CUST0534,Customer_534,cust534@freshmart.com,North,2022-11-20
CUST0535,Customer_535,cust535@freshmart.com,East,2022-05-13
CUST0536,Customer_536,cust536@freshmart.com,South,2024-06-06
CUST0537,Customer_537,cust537@freshmart.com,West,2024-03-15
CUST0538,Customer_538,cust538@freshmart.com,East,2024-04-19
CUST0539,Customer_539,cust539@freshmart.com,North,2022-05-07
CUST0540,Customer_540,cust540@freshmart.com,South,2022-04-16
CUST0541,Customer_541,cust541@freshmart.com,East,2023-08-27
CUST0542,Customer_542,cust542@freshmart.com,South,2024-03-09
CUST0543,Customer_543,cust543@freshmart.com,East,2023-01-13
CUST0544,Customer_544,cust544@freshmart.com,South,2024-06-23
CUST0545,Customer_545,cust545@freshmart.com,North,2022-02-20
CUST0546,Customer_546,cust546@freshmart.com,West,2022-01-29
CUST0547,Customer_547,cust547@freshmart.com,North,2023-04-07
CUST0548,Customer_548,cust548@freshmart.com,West,2022-10-23
CUST0549,Customer_549,cust549@freshmart.com,South,2022-10-24
CUST0550,Customer_550,cust550@freshmart.com,East,2023-12-27
CUST0551,Customer_551,cust551@freshmart.com,North,2024-02-18
CUST0552,Customer_552,cust552@freshmart.com,West,2023-02-11
CUST0553,Customer_553,cust553@freshmart.com,North,2024-02-08
CUST0554,Customer_554,cust554@freshmart.com,West,2024-03-24
CUST0555,Customer_555,cust555@freshmart.com,North,2023-09-05
CUST0556,Customer_556,cust556@freshmart.com,West,2023-02-09
CUST0557,Customer_557,cust557@freshmart.com,West,2022-12-12
CUST0558,Customer_558,cust558@freshmart.com,South,2023-09-14
CUST0559,Customer_559,cust559@freshmart.com,West,2023-02-24
CUST0560,Customer_560,cust560@freshmart.com,South,2022-07-01
CUST0561,Customer_561,cust561@freshmart.com,West,2024-04-04
CUST0562,Customer_562,cust562@freshmart.com,East,2022-01-01
CUST0563,Customer_563,cust563@freshmart.com,East,2024-04-10
CUST0564,Customer_564,cust564@freshmart.com,East,2023-07-21
CUST0565,Customer_565,cust565@freshmart.com,West,2023-01-06
CUST0566,Customer_566,cust566@freshmart.com,South,2024-06-29
CUST0567,Customer_567,cust567@freshmart.com,South,2023-10-23
CUST0568,Customer_568,cust568@freshmart.com,West,2023-03-07
CUST0569,Customer_569,cust569@freshmart.com,East,2022-11-05
CUST0570,Customer_570,cust570@freshmart.com,East,2022-05-17
CUST0571,Customer_571,cust571@freshmart.com,South,2022-07-21
CUST0572,Customer_572,cust572@freshmart.com,East,2023-03-12
CUST0573,Customer_573,cust573@freshmart.com,North,2022-11-09
CUST0574,Customer_574,cust574@freshmart.com,South,2022-04-27
CUST0575,Customer_575,cust575@freshmart.com,East,2023-10-28
CUST0576,Customer_576,cust576@freshmart.com,South,2024-03-13
CUST0577,Customer_577,cust577@freshmart.com,North,2023-07-29
CUST0578,Customer_578,cust578@freshmart.com,South,2022-09-01
CUST0579,Customer_579,cust579@freshmart.com,South,2023-06-21
CUST0580,Customer_580,cust580@freshmart.com,South,2023-08-25
CUST0581,Customer_581,cust581@freshmart.com,South,2022-03-16
CUST0582,Customer_582,cust582@freshmart.com,North,2024-03-16
CUST0583,Customer_583,cust583@freshmart.com,West,2023-01-21
CUST0584,Customer_584,cust584@freshmart.com,South,2024-06-21
CUST0585,Customer_585,cust585@freshmart.com,South,2022-07-29
CUST0586,Customer_586,cust586@freshmart.com,East,2023-04-20
CUST0587,Customer_587,cust587@freshmart.com,South,2023-02-22
CUST0588,Customer_588,cust588@freshmart.com,East,2022-12-13
CUST0589,Customer_589,cust589@freshmart.com,West,2023-06-13
CUST0590,Customer_590,cust590@freshmart.com,North,2023-10-02
CUST0591,Customer_591,cust591@freshmart.com,North,2024-05-25
CUST0592,Customer_592,cust592@freshmart.com,West,2024-02-02
CUST0593,Customer_593,cust593@freshmart.com,North,2022-06-28
CUST0594,Customer_594,cust594@freshmart.com,West,2022-07-01
CUST0595,Customer_595,cust595@freshmart.com,West,2023-10-26
CUST0596,Customer_596,cust596@freshmart.com,West,2022-01-25
CUST0597,Customer_597,cust597@freshmart.com,North,2022-06-29
CUST0598,Customer_598,cust598@freshmart.com,East,2023-12-11
CUST0599,Customer_599,cust599@freshmart.com,West,2023-05-16
CUST0600,Customer_600,cust600@freshmart.com,South,2024-05-05
CUST0601,Customer_601,cust601@freshmart.com,North,2022-06-10
CUST0602,Customer_602,cust602@freshmart.com,West,2022-06-26
CUST0603,Customer_603,cust603@freshmart.com,West,2022-10-12
CUST0604,Customer_604,cust604@freshmart.com,South,2022-03-04
CUST0605,Customer_605,cust605@freshmart.com,East,2023-10-24
CUST0606,Customer_606,cust606@freshmart.com,East,2023-10-28
CUST0607,Customer_607,cust607@freshmart.com,East,2022-06-05
CUST0608,Customer_608,cust608@freshmart.com,West,2024-05-31
CUST0609,Customer_609,cust609@freshmart.com,West,2023-04-14
CUST0610,Customer_610,cust610@freshmart.com,West,2022-02-18
CUST0611,Customer_611,cust611@freshmart.com,North,2024-04-28
CUST0612,Customer_612,cust612@freshmart.com,South,2022-03-25
CUST0613,Customer_613,cust613@freshmart.com,West,2022-12-27
CUST0614,Customer_614,cust614@freshmart.com,South,2023-11-20
CUST0615,Customer_615,cust615@freshmart.com,South,2022-05-28
CUST0616,Customer_616,cust616@freshmart.com,East,2023-09-22
CUST0617,Customer_617,cust617@freshmart.com,North,2022-12-08
CUST0618,Customer_618,cust618@freshmart.com,West,2023-04-21
CUST0619,Customer_619,cust619@freshmart.com,East,2022-03-04
CUST0620,Customer_620,cust620@freshmart.com,East,2023-12-02
CUST0621,Customer_621,cust621@freshmart.com,West,2022-12-26
CUST0622,Customer_622,cust622@freshmart.com,South,2023-07-15
CUST0623,Customer_623,cust623@freshmart.com,East,2022-11-23
CUST0624,Customer_624,cust624@freshmart.com,South,2024-02-08
CUST0625,Customer_625,cust625@freshmart.com,North,2024-01-06
CUST0626,Customer_626,cust626@freshmart.com,South,2022-05-21
CUST0627,Customer_627,cust627@freshmart.com,North,2022-08-03
CUST0628,Customer_628,cust628@freshmart.com,South,2023-03-11
CUST0629,Customer_629,cust629@freshmart.com,East,2024-06-09
CUST0630,Customer_630,cust630@freshmart.com,East,2023-12-24
CUST0631,Customer_631,cust631@freshmart.com,North,2022-11-14
CUST0632,Customer_632,cust632@freshmart.com,West,2022-02-01
CUST0633,Customer_633,cust633@freshmart.com,North,2023-11-01
CUST0634,Customer_634,cust634@freshmart.com,North,2022-10-12
CUST0635,Customer_635,cust635@freshmart.com,South,2022-11-01
CUST0636,Customer_636,cust636@freshmart.com,South,2023-03-05
CUST0637,Customer_637,cust637@freshmart.com,North,2023-04-22
CUST0638,Customer_638,cust638@freshmart.com,East,2022-10-13
CUST0639,Customer_639,cust639@freshmart.com,South,2022-05-24
CUST0640,Customer_640,cust640@freshmart.com,West,2023-02-28
CUST0641,Customer_641,cust641@freshmart.com,South,2022-01-19
CUST0642,Customer_642,cust642@freshmart.com,South,2022-01-18
CUST0643,Customer_643,cust643@freshmart.com,West,2024-02-08
CUST0644,Customer_644,cust644@freshmart.com,North,2023-08-13
CUST0645,Customer_645,cust645@freshmart.com,West,2023-01-06
CUST0646,Customer_646,cust646@freshmart.com,North,2022-06-24
CUST0647,Customer_647,cust647@freshmart.com,North,2022-07-13
CUST0648,Customer_648,cust648@freshmart.com,North,2023-05-17
CUST0649,Customer_649,cust649@freshmart.com,West,2022-04-23
CUST0650,Customer_650,cust650@freshmart.com,North,2022-04-24
CUST0651,Customer_651,cust651@freshmart.com,East,2022-08-10
CUST0652,Customer_652,cust652@freshmart.com,West,2023-11-09
CUST0653,Customer_653,cust653@freshmart.com,East,2024-04-10
CUST0654,Customer_654,cust654@freshmart.com,North,2023-10-06
CUST0655,Customer_655,cust655@freshmart.com,South,2024-06-15
CUST0656,Customer_656,cust656@freshmart.com,North,2022-09-21
CUST0657,Customer_657,cust657@freshmart.com,East,2022-02-24
CUST0658,Customer_658,cust658@freshmart.com,East,2024-05-20
CUST0659,Customer_659,cust659@freshmart.com,West,2023-10-05
CUST0660,Customer_660,cust660@freshmart.com,South,2024-03-10
CUST0661,Customer_661,cust661@freshmart.com,West,2024-02-17
CUST0662,Customer_662,cust662@freshmart.com,East,2023-04-03
CUST0663,Customer_663,cust663@freshmart.com,North,2024-05-27
CUST0664,Customer_664,cust664@freshmart.com,South,2022-06-11
CUST0665,Customer_665,cust665@freshmart.com,North,2023-01-15
CUST0666,Customer_666,cust666@freshmart.com,North,2022-03-28
CUST0667,Customer_667,cust667@freshmart.com,South,2022-02-24
CUST0668,Customer_668,cust668@freshmart.com,West,2023-04-21
CUST0669,Customer_669,cust669@freshmart.com,North,2024-03-10
CUST0670,Customer_670,cust670@freshmart.com,East,2022-06-27
CUST0671,Customer_671,cust671@freshmart.com,North,2023-01-26
CUST0672,Customer_672,cust672@freshmart.com,South,2022-12-15
CUST0673,Customer_673,cust673@freshmart.com,South,2022-01-08
CUST0674,Customer_674,cust674@freshmart.com,South,2024-04-12
CUST0675,Customer_675,cust675@freshmart.com,West,2022-11-09
CUST0676,Customer_676,cust676@freshmart.com,North,2024-01-29
CUST0677,Customer_677,cust677@freshmart.com,West,2024-04-14
CUST0678,Customer_678,cust678@freshmart.com,West,2023-03-19
CUST0679,Customer_679,cust679@freshmart.com,South,2024-02-06
CUST0680,Customer_680,cust680@freshmart.com,South,2022-11-24
CUST0681,Customer_681,cust681@freshmart.com,West,2022-02-23
CUST0682,Customer_682,cust682@freshmart.com,North,2024-01-31
CUST0683,Customer_683,cust683@freshmart.com,East,2022-08-27
CUST0684,Customer_684,cust684@freshmart.com,West,2022-08-17
CUST0685,Customer_685,cust685@freshmart.com,North,2023-08-02
CUST0686,Customer_686,cust686@freshmart.com,South,2022-02-20
CUST0687,Customer_687,cust687@freshmart.com,South,2023-09-01
CUST0688,Customer_688,cust688@freshmart.com,North,2023-08-27
CUST0689,Customer_689,cust689@freshmart.com,East,2022-09-21
CUST0690,Customer_690,cust690@freshmart.com,South,2023-02-22
CUST0691,Customer_691,cust691@freshmart.com,South,2024-03-13
CUST0692,Customer_692,cust692@freshmart.com,South,2022-04-06
CUST0693,Customer_693,cust693@freshmart.com,North,2022-03-29
CUST0694,Customer_694,cust694@freshmart.com,West,2022-03-19
CUST0695,Customer_695,cust695@freshmart.com,South,2022-10-15
CUST0696,Customer_696,cust696@freshmart.com,West,2022-04-30
CUST0697,Customer_697,cust697@freshmart.com,East,2024-03-24
CUST0698,Customer_698,cust698@freshmart.com,South,2023-05-06
CUST0699,Customer_699,cust699@freshmart.com,South,2024-06-30
CUST0700,Customer_700,cust700@freshmart.com,East,2023-03-28
CUST0701,Customer_701,cust701@freshmart.com,South,2023-05-15
CUST0702,Customer_702,cust702@freshmart.com,West,2022-06-14
CUST0703,Customer_703,cust703@freshmart.com,North,2022-07-01
CUST0704,Customer_704,cust704@freshmart.com,West,2023-04-14
CUST0705,Customer_705,cust705@freshmart.com,North,2024-06-28
CUST0706,Customer_706,cust706@freshmart.com,North,2024-01-05
CUST0707,Customer_707,cust707@freshmart.com,West,2024-04-02
CUST0708,Customer_708,cust708@freshmart.com,West,2022-01-07
CUST0709,Customer_709,cust709@freshmart.com,West,2022-11-26
CUST0710,Customer_710,cust710@freshmart.com,West,2024-02-14
CUST0711,Customer_711,cust711@freshmart.com,East,2023-11-04
CUST0712,Customer_712,cust712@freshmart.com,South,2022-05-31
CUST0713,Customer_713,cust713@freshmart.com,North,2022-03-26
CUST0714,Customer_714,cust714@freshmart.com,West,2022-05-27
CUST0715,Customer_715,cust715@freshmart.com,West,2023-09-16
CUST0716,Customer_716,cust716@freshmart.com,West,2023-01-16
CUST0717,Customer_717,cust717@freshmart.com,East,2023-07-02
CUST0718,Customer_718,cust718@freshmart.com,West,2022-10-12
CUST0719,Customer_719,cust719@freshmart.com,West,2023-12-01
CUST0720,Customer_720,cust720@freshmart.com,West,2022-03-23
CUST0721,Customer_721,cust721@freshmart.com,South,2023-05-29
CUST0722,Customer_722,cust722@freshmart.com,East,2024-06-15
CUST0723,Customer_723,cust723@freshmart.com,West,2024-03-25
CUST0724,Customer_724,cust724@freshmart.com,North,2023-12-10
CUST0725,Customer_725,cust725@freshmart.com,North,2023-06-07
CUST0726,Customer_726,cust726@freshmart.com,North,2024-01-16
CUST0727,Customer_727,cust727@freshmart.com,East,2023-01-21
CUST0728,Customer_728,cust728@freshmart.com,East,2023-12-08
CUST0729,Customer_729,cust729@freshmart.com,North,2023-04-16
CUST0730,Customer_730,cust730@freshmart.com,West,2022-04-29
CUST0731,Customer_731,cust731@freshmart.com,East,2023-01-31
CUST0732,Customer_732,cust732@freshmart.com,North,2023-06-16
CUST0733,Customer_733,cust733@freshmart.com,North,2022-09-18
CUST0734,Customer_734,cust734@freshmart.com,West,2024-03-15
CUST0735,Customer_735,cust735@freshmart.com,South,2022-09-13
CUST0736,Customer_736,cust736@freshmart.com,East,2024-01-04
CUST0737,Customer_737,cust737@freshmart.com,West,2024-06-23
CUST0738,Customer_738,cust738@freshmart.com,North,2022-08-14
CUST0739,Customer_739,cust739@freshmart.com,North,2022-02-22
CUST0740,Customer_740,cust740@freshmart.com,West,2024-05-16
CUST0741,Customer_741,cust741@freshmart.com,East,2023-05-15
CUST0742,Customer_742,cust742@freshmart.com,South,2023-05-21
CUST0743,Customer_743,cust743@freshmart.com,South,2024-05-03
CUST0744,Customer_744,cust744@freshmart.com,North,2022-12-30
CUST0745,Customer_745,cust745@freshmart.com,East,2022-10-07
CUST0746,Customer_746,cust746@freshmart.com,South,2023-08-16
CUST0747,Customer_747,cust747@freshmart.com,East,2023-12-15
CUST0748,Customer_748,cust748@freshmart.com,East,2022-06-07
CUST0749,Customer_749,cust749@freshmart.com,North,2023-09-24
CUST0750,Customer_750,cust750@freshmart.com,South,2022-02-28
CUST0751,Customer_751,cust751@freshmart.com,West,2023-12-28
CUST0752,Customer_752,cust752@freshmart.com,North,2022-05-08
CUST0753,Customer_753,cust753@freshmart.com,South,2024-01-06
CUST0754,Customer_754,cust754@freshmart.com,South,2023-12-22
CUST0755,Customer_755,cust755@freshmart.com,South,2024-05-31
CUST0756,Customer_756,cust756@freshmart.com,South,2022-04-25
CUST0757,Customer_757,cust757@freshmart.com,South,2022-07-28
CUST0758,Customer_758,cust758@freshmart.com,East,2023-06-10
CUST0759,Customer_759,cust759@freshmart.com,North,2023-06-05
CUST0760,Customer_760,cust760@freshmart.com,East,2023-07-06
CUST0761,Customer_761,cust761@freshmart.com,West,2022-08-25
CUST0762,Customer_762,cust762@freshmart.com,South,2022-10-08
CUST0763,Customer_763,cust763@freshmart.com,North,2022-12-25
CUST0764,Customer_764,cust764@freshmart.com,South,2022-07-20
CUST0765,Customer_765,cust765@freshmart.com,North,2024-01-28
CUST0766,Customer_766,cust766@freshmart.com,East,2022-10-05
CUST0767,Customer_767,cust767@freshmart.com,North,2022-08-23
CUST0768,Customer_768,cust768@freshmart.com,West,2023-05-09
CUST0769,Customer_769,cust769@freshmart.com,West,2022-01-04
CUST0770,Customer_770,cust770@freshmart.com,North,2023-10-28
CUST0771,Customer_771,cust771@freshmart.com,North,2023-03-18
CUST0772,Customer_772,cust772@freshmart.com,North,2022-01-29
CUST0773,Customer_773,cust773@freshmart.com,North,2022-04-19
CUST0774,Customer_774,cust774@freshmart.com,West,2023-09-02
CUST0775,Customer_775,cust775@freshmart.com,South,2023-12-28
CUST0776,Customer_776,cust776@freshmart.com,North,2024-03-15
CUST0777,Customer_777,cust777@freshmart.com,North,2022-03-16
CUST0778,Customer_778,cust778@freshmart.com,West,2024-04-17
CUST0779,Customer_779,cust779@freshmart.com,West,2022-05-26
CUST0780,Customer_780,cust780@freshmart.com,East,2022-05-08
CUST0781,Customer_781,cust781@freshmart.com,North,2024-05-02
CUST0782,Customer_782,cust782@freshmart.com,East,2022-02-11
CUST0783,Customer_783,cust783@freshmart.com,West,2022-12-22
CUST0784,Customer_784,cust784@freshmart.com,West,2022-02-10
CUST0785,Customer_785,cust785@freshmart.com,South,2022-02-03
CUST0786,Customer_786,cust786@freshmart.com,North,2022-01-17
CUST0787,Customer_787,cust787@freshmart.com,East,2023-11-08
CUST0788,Customer_788,cust788@freshmart.com,West,2022-06-02
CUST0789,Customer_789,cust789@freshmart.com,West,2023-01-13
CUST0790,Customer_790,cust790@freshmart.com,East,2023-08-11
CUST0791,Customer_791,cust791@freshmart.com,South,2023-08-22
CUST0792,Customer_792,cust792@freshmart.com,West,2023-09-21
CUST0793,Customer_793,cust793@freshmart.com,North,2024-05-23
CUST0794,Customer_794,cust794@freshmart.com,West,2022-12-08
CUST0795,Customer_795,cust795@freshmart.com,North,2022-01-27
CUST0796,Customer_796,cust796@freshmart.com,East,2024-04-04
CUST0797,Customer_797,cust797@freshmart.com,North,2022-10-14
CUST0798,Customer_798,cust798@freshmart.com,East,2023-10-08
CUST0799,Customer_799,cust799@freshmart.com,North,2024-01-01
CUST0800,Customer_800,cust800@freshmart.com,East,2022-06-17
CUST0801,Customer_801,cust801@freshmart.com,North,2023-09-02
CUST0802,Customer_802,cust802@freshmart.com,South,2022-09-25
CUST0803,Customer_803,cust803@freshmart.com,North,2024-01-19
CUST0804,Customer_804,cust804@freshmart.com,North,2024-03-31
CUST0805,Customer_805,cust805@freshmart.com,South,2023-03-31
CUST0806,Customer_806,cust806@freshmart.com,West,2024-06-24
CUST0807,Customer_807,cust807@freshmart.com,West,2023-11-16
CUST0808,Customer_808,cust808@freshmart.com,North,2023-02-05
CUST0809,Customer_809,cust809@freshmart.com,South,2023-04-21
CUST0810,Customer_810,cust810@freshmart.com,North,2023-12-03
CUST0811,Customer_811,cust811@freshmart.com,East,2023-09-26
CUST0812,Customer_812,cust812@freshmart.com,East,2023-07-12
CUST0813,Customer_813,cust813@freshmart.com,North,2023-07-30
CUST0814,Customer_814,cust814@freshmart.com,West,2022-05-10
CUST0815,Customer_815,cust815@freshmart.com,West,2024-04-01
CUST0816,Customer_816,cust816@freshmart.com,North,2022-12-29
CUST0817,Customer_817,cust817@freshmart.com,North,2023-12-06
CUST0818,Customer_818,cust818@freshmart.com,East,2024-03-29
CUST0819,Customer_819,cust819@freshmart.com,West,2023-11-24
CUST0820,Customer_820,cust820@freshmart.com,North,2022-10-19
CUST0821,Customer_821,cust821@freshmart.com,East,2023-01-06
CUST0822,Customer_822,cust822@freshmart.com,West,2024-03-04
CUST0823,Customer_823,cust823@freshmart.com,South,2022-01-29
CUST0824,Customer_824,cust824@freshmart.com,East,2022-05-29
CUST0825,Customer_825,cust825@freshmart.com,West,2024-02-18
CUST0826,Customer_826,cust826@freshmart.com,West,2022-10-23
CUST0827,Customer_827,cust827@freshmart.com,East,2022-01-11
CUST0828,Customer_828,cust828@freshmart.com,South,2023-05-27
CUST0829,Customer_829,cust829@freshmart.com,East,2023-11-07
CUST0830,Customer_830,cust830@freshmart.com,West,2022-04-23
CUST0831,Customer_831,cust831@freshmart.com,North,2022-07-06
CUST0832,Customer_832,cust832@freshmart.com,North,2024-03-17
CUST0833,Customer_833,cust833@freshmart.com,East,2024-01-14
CUST0834,Customer_834,cust834@freshmart.com,West,2022-08-15
CUST0835,Customer_835,cust835@freshmart.com,North,2022-11-06
CUST0836,Customer_836,cust836@freshmart.com,West,2022-04-08
CUST0837,Customer_837,cust837@freshmart.com,East,2022-02-24
CUST0838,Customer_838,cust838@freshmart.com,North,2023-09-15
CUST0839,Customer_839,cust839@freshmart.com,West,2023-10-26
CUST0840,Customer_840,cust840@freshmart.com,North,2024-01-28
CUST0841,Customer_841,cust841@freshmart.com,East,2023-02-10
CUST0842,Customer_842,cust842@freshmart.com,West,2022-03-10
CUST0843,Customer_843,cust843@freshmart.com,North,2022-11-08
CUST0844,Customer_844,cust844@freshmart.com,East,2022-10-16
CUST0845,Customer_845,cust845@freshmart.com,North,2024-02-01
CUST0846,Customer_846,cust846@freshmart.com,North,2023-07-02
CUST0847,Customer_847,cust847@freshmart.com,South,2024-01-21
CUST0848,Customer_848,cust848@freshmart.com,South,2022-05-28
CUST0849,Customer_849,cust849@freshmart.com,East,2023-04-12
CUST0850,Customer_850,cust850@freshmart.com,South,2024-01-09
CUST0851,Customer_851,cust851@freshmart.com,East,2022-09-01
CUST0852,Customer_852,cust852@freshmart.com,South,2023-05-06
CUST0853,Customer_853,cust853@freshmart.com,North,2024-04-28
CUST0854,Customer_854,cust854@freshmart.com,East,2023-05-22
CUST0855,Customer_855,cust855@freshmart.com,East,2022-12-31
CUST0856,Customer_856,cust856@freshmart.com,North,2023-04-27
CUST0857,Customer_857,cust857@freshmart.com,East,2022-07-20
CUST0858,Customer_858,cust858@freshmart.com,East,2022-06-03
CUST0859,Customer_859,cust859@freshmart.com,South,2023-03-26
CUST0860,Customer_860,cust860@freshmart.com,East,2023-05-16
CUST0861,Customer_861,cust861@freshmart.com,West,2022-03-14
CUST0862,Customer_862,cust862@freshmart.com,North,2023-12-14
CUST0863,Customer_863,cust863@freshmart.com,South,2022-10-23
CUST0864,Customer_864,cust864@freshmart.com,South,2022-01-17
CUST0865,Customer_865,cust865@freshmart.com,West,2023-10-03
CUST0866,Customer_866,cust866@freshmart.com,North,2022-08-05
CUST0867,Customer_867,cust867@freshmart.com,North,2022-03-02
CUST0868,Customer_868,cust868@freshmart.com,South,2023-09-08
CUST0869,Customer_869,cust869@freshmart.com,East,2022-02-11
CUST0870,Customer_870,cust870@freshmart.com,South,2022-01-25
CUST0871,Customer_871,cust871@freshmart.com,North,2022-02-08
CUST0872,Customer_872,cust872@freshmart.com,West,2024-03-13
CUST0873,Customer_873,cust873@freshmart.com,South,2022-05-11
CUST0874,Customer_874,cust874@freshmart.com,North,2023-05-13
CUST0875,Customer_875,cust875@freshmart.com,South,2022-08-17
CUST0876,Customer_876,cust876@freshmart.com,East,2022-04-18
CUST0877,Customer_877,cust877@freshmart.com,South,2022-06-21
CUST0878,Customer_878,cust878@freshmart.com,South,2023-03-11
CUST0879,Customer_879,cust879@freshmart.com,North,2023-04-23
CUST0880,Customer_880,cust880@freshmart.com,North,2022-04-12
CUST0881,Customer_881,cust881@freshmart.com,North,2024-05-15
CUST0882,Customer_882,cust882@freshmart.com,South,2023-06-08
CUST0883,Customer_883,cust883@freshmart.com,East,2022-10-02
CUST0884,Customer_884,cust884@freshmart.com,West,2023-09-05
CUST0885,Customer_885,cust885@freshmart.com,West,2022-02-13
CUST0886,Customer_886,cust886@freshmart.com,North,2024-03-27
CUST0887,Customer_887,cust887@freshmart.com,North,2022-01-17
CUST0888,Customer_888,cust888@freshmart.com,South,2022-11-26
CUST0889,Customer_889,cust889@freshmart.com,West,2023-07-23
CUST0890,Customer_890,cust890@freshmart.com,North,2024-04-02
CUST0891,Customer_891,cust891@freshmart.com,East,2023-05-12
CUST0892,Customer_892,cust892@freshmart.com,East,2024-03-25
CUST0893,Customer_893,cust893@freshmart.com,North,2022-01-12
CUST0894,Customer_894,cust894@freshmart.com,North,2022-11-14
CUST0895,Customer_895,cust895@freshmart.com,West,2023-08-15
CUST0896,Customer_896,cust896@freshmart.com,West,2022-08-04
CUST0897,Customer_897,cust897@freshmart.com,South,2022-12-05
CUST0898,Customer_898,cust898@freshmart.com,West,2024-02-15
CUST0899,Customer_899,cust899@freshmart.com,East,2023-10-23
CUST0900,Customer_900,cust900@freshmart.com,East,2022-03-22
CUST0901,Customer_901,cust901@freshmart.com,North,2023-12-28
CUST0902,Customer_902,cust902@freshmart.com,West,2023-04-30
CUST0903,Customer_903,cust903@freshmart.com,South,2023-01-09
CUST0904,Customer_904,cust904@freshmart.com,East,2023-12-11
CUST0905,Customer_905,cust905@freshmart.com,East,2022-07-19
CUST0906,Customer_906,cust906@freshmart.com,South,2023-06-21
CUST0907,Customer_907,cust907@freshmart.com,South,2023-04-11
CUST0908,Customer_908,cust908@freshmart.com,East,2022-03-30
CUST0909,Customer_909,cust909@freshmart.com,East,2022-09-25
CUST0910,Customer_910,cust910@freshmart.com,South,2023-10-17
CUST0911,Customer_911,cust911@freshmart.com,East,2023-07-25
CUST0912,Customer_912,cust912@freshmart.com,North,2023-05-04
CUST0913,Customer_913,cust913@freshmart.com,North,2024-05-26
CUST0914,Customer_914,cust914@freshmart.com,South,2023-06-22
CUST0915,Customer_915,cust915@freshmart.com,West,2022-02-16
CUST0916,Customer_916,cust916@freshmart.com,South,2022-10-15
CUST0917,Customer_917,cust917@freshmart.com,South,2024-02-17
CUST0918,Customer_918,cust918@freshmart.com,West,2022-01-16
CUST0919,Customer_919,cust919@freshmart.com,West,2023-12-12
CUST0920,Customer_920,cust920@freshmart.com,West,2023-02-05
CUST0921,Customer_921,cust921@freshmart.com,North,2024-03-04
CUST0922,Customer_922,cust922@freshmart.com,East,2022-03-27
CUST0923,Customer_923,cust923@freshmart.com,North,2022-09-07
CUST0924,Customer_924,cust924@freshmart.com,East,2023-01-26
CUST0925,Customer_925,cust925@freshmart.com,North,2024-02-21
CUST0926,Customer_926,cust926@freshmart.com,East,2022-12-01
CUST0927,Customer_927,cust927@freshmart.com,North,2023-09-21
CUST0928,Customer_928,cust928@freshmart.com,West,2023-06-03
CUST0929,Customer_929,cust929@freshmart.com,South,2022-05-17
CUST0930,Customer_930,cust930@freshmart.com,North,2024-06-01
CUST0931,Customer_931,cust931@freshmart.com,East,2023-11-19
CUST0932,Customer_932,cust932@freshmart.com,West,2024-04-19
CUST0933,Customer_933,cust933@freshmart.com,North,2023-05-13
CUST0934,Customer_934,cust934@freshmart.com,North,2024-04-06
CUST0935,Customer_935,cust935@freshmart.com,West,2023-12-28
CUST0936,Customer_936,cust936@freshmart.com,North,2023-04-22
CUST0937,Customer_937,cust937@freshmart.com,South,2023-08-17
CUST0938,Customer_938,cust938@freshmart.com,North,2022-08-11
CUST0939,Customer_939,cust939@freshmart.com,South,2023-01-07
CUST0940,Customer_940,cust940@freshmart.com,South,2023-02-06
CUST0941,Customer_941,cust941@freshmart.com,West,2023-03-19
CUST0942,Customer_942,cust942@freshmart.com,North,2023-05-05
CUST0943,Customer_943,cust943@freshmart.com,West,2023-09-07
CUST0944,Customer_944,cust944@freshmart.com,North,2022-09-30
CUST0945,Customer_945,cust945@freshmart.com,North,2023-06-10
CUST0946,Customer_946,cust946@freshmart.com,East,2022-06-08
CUST0947,Customer_947,cust947@freshmart.com,North,2022-06-01
CUST0948,Customer_948,cust948@freshmart.com,West,2023-09-12
CUST0949,Customer_949,cust949@freshmart.com,South,2022-07-07
CUST0950,Customer_950,cust950@freshmart.com,North,2024-03-23
CUST0951,Customer_951,cust951@freshmart.com,East,2022-04-08
CUST0952,Customer_952,cust952@freshmart.com,West,2022-05-11
CUST0953,Customer_953,cust953@freshmart.com,North,2024-03-15
CUST0954,Customer_954,cust954@freshmart.com,West,2022-06-20
CUST0955,Customer_955,cust955@freshmart.com,East,2022-07-02
CUST0956,Customer_956,cust956@freshmart.com,East,2022-12-30
CUST0957,Customer_957,cust957@freshmart.com,West,2022-02-08
CUST0958,Customer_958,cust958@freshmart.com,North,2023-06-11
CUST0959,Customer_959,cust959@freshmart.com,South,2024-06-06
CUST0960,Customer_960,cust960@freshmart.com,East,2023-05-12
CUST0961,Customer_961,cust961@freshmart.com,North,2023-05-31
CUST0962,Customer_962,cust962@freshmart.com,North,2022-12-15
CUST0963,Customer_963,cust963@freshmart.com,South,2023-02-01
CUST0964,Customer_964,cust964@freshmart.com,East,2023-12-23
CUST0965,Customer_965,cust965@freshmart.com,East,2022-06-10
CUST0966,Customer_966,cust966@freshmart.com,North,2022-01-16
CUST0967,Customer_967,cust967@freshmart.com,North,2023-05-08
CUST0968,Customer_968,cust968@freshmart.com,South,2023-03-02
CUST0969,Customer_969,cust969@freshmart.com,South,2022-04-18
CUST0970,Customer_970,cust970@freshmart.com,East,2024-06-12
CUST0971,Customer_971,cust971@freshmart.com,West,2023-03-26
CUST0972,Customer_972,cust972@freshmart.com,East,2022-11-07
CUST0973,Customer_973,cust973@freshmart.com,North,2024-01-09
CUST0974,Customer_974,cust974@freshmart.com,East,2022-06-19
CUST0975,Customer_975,cust975@freshmart.com,West,2023-06-30
CUST0976,Customer_976,cust976@freshmart.com,South,2023-02-18
CUST0977,Customer_977,cust977@freshmart.com,West,2022-09-08
CUST0978,Customer_978,cust978@freshmart.com,West,2024-01-29
CUST0979,Customer_979,cust979@freshmart.com,West,2024-02-20
CUST0980,Customer_980,cust980@freshmart.com,South,2022-05-21
CUST0981,Customer_981,cust981@freshmart.com,West,2022-10-01
CUST0982,Customer_982,cust982@freshmart.com,West,2023-02-20
CUST0983,Customer_983,cust983@freshmart.com,West,2023-08-31
CUST0984,Customer_984,cust984@freshmart.com,North,2024-01-09
CUST0985,Customer_985,cust985@freshmart.com,West,2024-06-09
CUST0986,Customer_986,cust986@freshmart.com,South,2022-02-08
CUST0987,Customer_987,cust987@freshmart.com,West,2024-03-24
CUST0988,Customer_988,cust988@freshmart.com,West,2022-01-29
CUST0989,Customer_989,cust989@freshmart.com,South,2023-04-22
CUST0990,Customer_990,cust990@freshmart.com,West,2022-11-14
CUST0991,Customer_991,cust991@freshmart.com,South,2022-09-02
CUST0992,Customer_992,cust992@freshmart.com,West,2024-01-18
CUST0993,Customer_993,cust993@freshmart.com,South,2023-11-28
CUST0994,Customer_994,cust994@freshmart.com,West,2022-09-29
CUST0995,Customer_995,cust995@freshmart.com,West,2023-03-16
CUST0996,Customer_996,cust996@freshmart.com,North,2024-01-18
CUST0997,Customer_997,cust997@freshmart.com,North,2022-08-27
CUST0998,Customer_998,cust998@freshmart.com,West,2023-01-12
CUST0999,Customer_999,cust999@freshmart.com,West,2022-09-23
CUST1000,Customer_1000,cust1000@freshmart.com,East,2022-12-25
